,IoU Threshold,mAP
0,0.3,0.9415178571428572
1,0.4,0.925
2,0.5,0.6041666666666666
3,0.6,0.5138888888888888
4,0.7,0.3333333333333333
5,0.8,0.3333333333333333
